post_id,user_id,image_url,caption,created_at,likes_count,comments_count,visibility
49,50,https://example.com/image_49.jpg,Chilling with my pet  ,2/22/2024 12:49,60,16,friends-only
4,5,https://example.com/image_4.jpg,Throwback to summer vibes  ,2/5/2024 12:04,59,40,private
24,25,https://example.com/image_24.jpg,Throwback to summer vibes  ,2/25/2024 12:24,59,34,public
33,34,https://example.com/image_33.jpg,First snow of the season  ,2/6/2024 12:33,58,13,public
60,1,https://example.com/image_60.jpg,Enjoying the sunset!  ,2/5/2024 12:00,57,34,friends-only
23,24,https://example.com/image_23.jpg,Game night with friends  ,2/24/2024 12:23,56,22,public
53,54,https://example.com/image_53.jpg,First snow of the season  ,2/26/2024 12:53,56,43,public
16,17,https://example.com/image_16.jpg,Favorite spot in the city  ,2/17/2024 12:16,55,35,friends-only
12,13,https://example.com/image_12.jpg,Concert night  ,2/13/2024 12:12,54,38,private
9,10,https://example.com/image_9.jpg,Chilling with my pet  ,2/10/2024 12:09,53,13,public
6,7,https://example.com/image_6.jpg,Workout mode on!  ,2/7/2024 12:06,52,31,friends-only
37,38,https://example.com/image_37.jpg,Movie marathon time  ,2/10/2024 12:37,52,17,public
55,56,https://example.com/image_55.jpg,Art in progress  ,2/28/2024 12:55,51,38,friends-only
36,37,https://example.com/image_36.jpg,Favorite spot in the city  ,2/9/2024 12:36,50,4,friends-only
58,59,https://example.com/image_58.jpg,Delicious homemade meal  ,2/3/2024 12:58,49,41,private
59,60,https://example.com/image_59.jpg,Morning run done  ,2/4/2024 12:59,49,37,friends-only
11,12,https://example.com/image_11.jpg,Weekend getaway  ,2/12/2024 12:11,47,19,friends-only
35,36,https://example.com/image_35.jpg,Art in progress  ,2/8/2024 12:35,47,22,public
7,8,https://example.com/image_7.jpg,Street photography magic  ,2/8/2024 12:07,44,17,friends-only
41,42,https://example.com/image_41.jpg,Best coffee in town  ,2/14/2024 12:41,44,14,private
15,16,https://example.com/image_15.jpg,Art in progress  ,2/16/2024 12:15,42,20,public
8,9,https://example.com/image_8.jpg,New recipe experiment  ,2/9/2024 12:08,41,19,public
20,21,https://example.com/image_20.jpg,Enjoying the sunset!  ,2/21/2024 12:20,41,54,private
30,31,https://example.com/image_30.jpg,Coding late at night  ,2/3/2024 12:30,37,26,friends-only
26,27,https://example.com/image_26.jpg,Workout mode on!  ,2/27/2024 12:26,35,25,public
31,32,https://example.com/image_31.jpg,Weekend getaway  ,2/4/2024 12:31,32,28,public
48,49,https://example.com/image_48.jpg,New recipe experiment  ,2/21/2024 12:48,31,53,friends-only
13,14,https://example.com/image_13.jpg,First snow of the season  ,2/14/2024 12:13,30,30,private
3,4,https://example.com/image_3.jpg,Game night with friends  ,2/4/2024 12:03,29,11,public
25,26,https://example.com/image_25.jpg,Just finished a great book  ,2/26/2024 12:25,25,32,public
29,30,https://example.com/image_29.jpg,Chilling with my pet  ,2/2/2024 12:29,25,5,friends-only
40,41,https://example.com/image_40.jpg,Enjoying the sunset!  ,2/13/2024 12:40,25,36,friends-only
57,58,https://example.com/image_57.jpg,Movie marathon time  ,2/2/2024 12:57,25,46,friends-only
5,6,https://example.com/image_5.jpg,Just finished a great book  ,2/6/2024 12:05,23,26,friends-only
22,23,https://example.com/image_22.jpg,Hiking adventure!  ,2/23/2024 12:22,18,19,friends-only
45,46,https://example.com/image_45.jpg,Just finished a great book  ,2/18/2024 12:45,17,43,private
46,47,https://example.com/image_46.jpg,Workout mode on!  ,2/19/2024 12:46,16,58,private
38,39,https://example.com/image_38.jpg,Delicious homemade meal  ,2/11/2024 12:38,15,47,friends-only
47,48,https://example.com/image_47.jpg,Street photography magic  ,2/20/2024 12:47,15,24,private
43,44,https://example.com/image_43.jpg,Game night with friends  ,2/16/2024 12:43,13,43,private
19,20,https://example.com/image_19.jpg,Morning run done  ,2/20/2024 12:19,12,49,private
2,3,https://example.com/image_2.jpg,Hiking adventure!  ,2/3/2024 12:02,10,54,public
14,15,https://example.com/image_14.jpg,Exploring new places  ,2/15/2024 12:14,9,33,public
18,19,https://example.com/image_18.jpg,Delicious homemade meal  ,2/19/2024 12:18,9,4,friends-only
27,28,https://example.com/image_27.jpg,Street photography magic  ,2/28/2024 12:27,9,46,friends-only
28,29,https://example.com/image_28.jpg,New recipe experiment  ,2/1/2024 12:28,8,7,private
34,35,https://example.com/image_34.jpg,Exploring new places  ,2/7/2024 12:34,8,53,private
44,45,https://example.com/image_44.jpg,Throwback to summer vibes  ,2/17/2024 12:44,7,40,friends-only
32,33,https://example.com/image_32.jpg,Concert night  ,2/5/2024 12:32,6,42,private
17,18,https://example.com/image_17.jpg,Movie marathon time  ,2/18/2024 12:17,5,46,private
39,40,https://example.com/image_39.jpg,Morning run done  ,2/12/2024 12:39,5,41,private
42,43,https://example.com/image_42.jpg,Hiking adventure!  ,2/15/2024 12:42,5,53,public
52,53,https://example.com/image_52.jpg,Concert night  ,2/25/2024 12:52,5,17,friends-only
54,55,https://example.com/image_54.jpg,Exploring new places  ,2/27/2024 12:54,3,55,public
51,52,https://example.com/image_51.jpg,Weekend getaway  ,2/24/2024 12:51,2,8,private
1,2,https://example.com/image_1.jpg,Best coffee in town ,2/2/2024 12:01,1,6,friends-only
56,57,https://example.com/image_56.jpg,Favorite spot in the city  ,2/1/2024 12:56,1,37,friends-only
10,11,https://example.com/image_10.jpg,Coding late at night  ,2/11/2024 12:10,0,14,public
21,22,https://example.com/image_21.jpg,Best coffee in town  ,2/22/2024 12:21,0,51,private
50,51,https://example.com/image_50.jpg,Coding late at night  ,2/23/2024 12:50,0,13,public
